replicon	hit_id	gene_name	hit_pos	model_fqn	sys_id	sys_loci	locus_num	sys_wholeness	sys_score	sys_occ	hit_gene_ref	hit_status	hit_seq_len	hit_i_eval	hit_score	hit_profile_cov	hit_seq_cov	hit_begin_match	hit_end_match	counterpart	used_in	type	subtype	activity
409_P3	409_P3_00017	ocr	68	defense-finder-models/ADF/Anti_RM/ocr	409_P3_ocr_112	1	1	1.0	1.0	1	ocr	mandatory	110	7.4e-49	163.8	0.957	1.0	1	110			Anti_RM	ocr	Antidefense
409_P5	409_P5_00017	ocr	126	defense-finder-models/ADF/Anti_RM/ocr	409_P5_ocr_113	1	1	1.0	1.0	1	ocr	mandatory	110	7.4e-49	163.8	0.957	1.0	1	110			Anti_RM	ocr	Antidefense
411_P1	411_P1_00048	ral	340	defense-finder-models/ADF/Anti_RM/ral	411_P1_ral_100	1	1	1.0	1.0	1	ral	mandatory	66	1.8000000000000002e-44	148.1	1.0	1.0	1	66			Anti_RM	ral	Antidefense
411_P2	411_P2_00041	abc2	405	defense-finder-models/ADF/Anti_RecBCD/abc2	411_P2_abc2_110	1	1	1.0	1.0	1	abc2	mandatory	97	5.5e-61	202.0	1.0	1.0	1	97			Anti_RecBCD	abc2	Antidefense
411_P3	411_P3_00041	abc2	473	defense-finder-models/ADF/Anti_RecBCD/abc2	411_P3_abc2_111	1	1	1.0	1.0	1	abc2	mandatory	97	5.5e-61	202.0	1.0	1.0	1	97			Anti_RecBCD	abc2	Antidefense
412_P2	412_P2_00016	ocr	591	defense-finder-models/ADF/Anti_RM/ocr	412_P2_ocr_114	1	1	1.0	1.0	1	ocr	mandatory	109	4.8999999999999995e-49	164.4	0.939	0.991	1	108			Anti_RM	ocr	Antidefense
416_P4	416_P4_00014	ocr	870	defense-finder-models/ADF/Anti_RM/ocr	416_P4_ocr_115	1	1	1.0	1.0	1	ocr	mandatory	109	1.3000000000000001e-48	163.0	0.939	0.991	1	108			Anti_RM	ocr	Antidefense
416_P5	416_P5_00015	ocr	923	defense-finder-models/ADF/Anti_RM/ocr	416_P5_ocr_116	1	1	1.0	1.0	1	ocr	mandatory	118	1.4e-52	175.8	1.0	0.975	1	115			Anti_RM	ocr	Antidefense
423_P10	423_P10_00015	ocr	976	defense-finder-models/ADF/Anti_RM/ocr	423_P10_ocr_117	1	1	1.0	1.0	1	ocr	mandatory	109	1.3000000000000001e-48	163.0	0.939	0.991	1	108			Anti_RM	ocr	Antidefense
423_P1	423_P1_00014	ocr	1028	defense-finder-models/ADF/Anti_RM/ocr	423_P1_ocr_118	1	1	1.0	1.0	1	ocr	mandatory	117	4.4e-54	180.7	1.0	0.983	1	115			Anti_RM	ocr	Antidefense
423_P5	423_P5_00009	ocr	1076	defense-finder-models/ADF/Anti_RM/ocr	423_P5_ocr_119	1	1	1.0	1.0	1	ocr	mandatory	167	9.999999999999999e-51	169.8	0.983	0.677	1	113			Anti_RM	ocr	Antidefense
423_P7	423_P7_00014	ocr	1135	defense-finder-models/ADF/Anti_RM/ocr	423_P7_ocr_120	1	1	1.0	1.0	1	ocr	mandatory	110	6.7e-49	163.9	0.957	1.0	1	110			Anti_RM	ocr	Antidefense
423_P9	423_P9_00015	ocr	1187	defense-finder-models/ADF/Anti_RM/ocr	423_P9_ocr_121	1	1	1.0	1.0	1	ocr	mandatory	109	1.3000000000000001e-48	163.0	0.939	0.991	1	108			Anti_RM	ocr	Antidefense
427_P2	427_P2_00008	ocr	1233	defense-finder-models/ADF/Anti_RM/ocr	427_P2_ocr_104	1	1	1.0	1.0	1	ocr	mandatory	120	3.6e-61	203.5	0.991	0.95	1	114			Anti_RM	ocr	Antidefense
427_P2	427_P2_00030	gp4.5	1255	defense-finder-models/ADF/Anti_TA/gp4.5	427_P2_gp4.5_102	1	1	1.0	1.0	1	gp4.5	mandatory	89	9.8e-46	152.9	0.946	0.989	1	88			Anti_TA	gp4.5	Antidefense
427_P2	427_P2_00036	gp5.9	1261	defense-finder-models/ADF/Anti_RecBCD/gp5.9	427_P2_gp5.9_103	1	1	1.0	1.0	1	gp5.9	mandatory	52	3.5e-36	122.3	1.0	1.0	1	52			Anti_RecBCD	gp5.9	Antidefense
427_P3	427_P3_00006	ocr	1284	defense-finder-models/ADF/Anti_RM/ocr	427_P3_ocr_122	1	1	1.0	1.0	1	ocr	mandatory	169	2.2e-50	168.8	0.974	0.663	1	112			Anti_RM	ocr	Antidefense
427_P4	427_P4_00005	ocr	1331	defense-finder-models/ADF/Anti_RM/ocr	427_P4_ocr_123	1	1	1.0	1.0	1	ocr	mandatory	110	6.9e-51	170.4	0.957	1.0	1	110			Anti_RM	ocr	Antidefense
536_P1	536_P1_00083	atd1	1628	defense-finder-models/ADF/Anti_Thoeris/atd1	536_P1_atd1_141	1	1	1.0	1.0	1	atd1	mandatory	83	4.6999999999999996e-39	131.5	0.931	0.976	2	82			Anti_Thoeris	atd1	Antidefense
536_P6	536_P6_00228	narp1_adps	2035	defense-finder-models/ADF/NADP/NARP1	536_P6_NARP1_73	1	1	1.0	2.0	1	narp1_adps	mandatory	297	4.0999999999999996e-92	307.6	0.838	0.886	14	276			NADP	NARP1	Antidefense
536_P6	536_P6_00229	narp1_namat	2036	defense-finder-models/ADF/NADP/NARP1	536_P6_NARP1_73	1	1	1.0	2.0	1	narp1_namat	mandatory	577	3.6000000000000004e-207	688.2	0.989	0.979	2	566			NADP	NARP1	Antidefense
536_P7	536_P7_00228	narp1_adps	2272	defense-finder-models/ADF/NADP/NARP1	536_P7_NARP1_74	1	1	1.0	2.0	1	narp1_adps	mandatory	297	4.0999999999999996e-92	307.6	0.838	0.886	14	276			NADP	NARP1	Antidefense
536_P7	536_P7_00229	narp1_namat	2273	defense-finder-models/ADF/NADP/NARP1	536_P7_NARP1_74	1	1	1.0	2.0	1	narp1_namat	mandatory	577	3.6000000000000004e-207	688.2	0.989	0.979	2	566			NADP	NARP1	Antidefense
536_P9	536_P9_00229	narp1_adps	2510	defense-finder-models/ADF/NADP/NARP1	536_P9_NARP1_75	1	1	1.0	2.0	1	narp1_adps	mandatory	297	1.1999999999999999e-92	309.4	0.848	0.896	14	279			NADP	NARP1	Antidefense
536_P9	536_P9_00230	narp1_namat	2511	defense-finder-models/ADF/NADP/NARP1	536_P9_NARP1_75	1	1	1.0	2.0	1	narp1_namat	mandatory	577	6.1e-207	687.4	0.989	0.979	2	566			NADP	NARP1	Antidefense
55989_P1	55989_P1_00007	ocr	2527	defense-finder-models/ADF/Anti_RM/ocr	55989_P1_ocr_124	1	1	1.0	1.0	1	ocr	mandatory	162	1.4e-50	169.4	0.93	0.66	1	107			Anti_RM	ocr	Antidefense
55989_P2	55989_P2_00033	alt	2606	defense-finder-models/ADF/Anti_TA/alt	55989_P2_alt_3	1	1	1.0	1.0	2	alt	mandatory	707	1.5e-249	829.3	0.997	0.999	1	706			Anti_TA	alt	Antidefense
55989_P2	55989_P2_00034	alt	2607	defense-finder-models/ADF/Anti_TA/alt	55989_P2_alt_3	1	1	1.0	1.0	2	alt	mandatory	686	1.2e-275	915.5	1.0	0.999	1	685			Anti_TA	alt	Antidefense
55989_P2	55989_P2_00143	tifa	2716	defense-finder-models/ADF/Anti_TA/tifa	55989_P2_tifa_6	1	1	1.0	1.0	1	tifa	mandatory	79	5e-22	76.7	0.852	0.924	1	73			Anti_TA	tifa	Antidefense
55989_P2	55989_P2_00145	dmd	2718	defense-finder-models/ADF/Anti_TA/dmd	55989_P2_dmd_4	1	1	1.0	1.0	1	dmd	mandatory	67	1.1e-36	123.8	1.0	1.0	1	67			Anti_TA	dmd	Antidefense
55989_P2	55989_P2_00218	acb2	2791	defense-finder-models/ADF/Anti_CBASS/acb2	55989_P2_acb2_2	1	1	1.0	1.0	1	acb2	mandatory	92	3.8e-09	36.1	0.916	0.946	4	90			Anti_CBASS	acb2	Antidefense
55989_P2	55989_P2_00253	ipi	2823	defense-finder-models/ADF/Anti_RM/ipi	55989_P2_ipi_5	1	1	1.0	1.0	1	ipi	mandatory	92	2.3e-44	148.4	0.989	1.0	1	92			Anti_RM	ipi	Antidefense
55989_P2	55989_P2_00254	acb1	2824	defense-finder-models/ADF/Anti_CBASS/acb1	55989_P2_acb1_1	1	1	1.0	1.0	1	acb1	mandatory	151	3.9e-66	220.5	0.98	0.974	3	149			Anti_CBASS	acb1	Antidefense
AL505_Ev3	AL505_Ev3_00033	alt	2878	defense-finder-models/ADF/Anti_TA/alt	AL505_Ev3_alt_8	1	1	1.0	1.0	1	alt	mandatory	683	1.8000000000000002e-123	412.5	0.98	0.959	28	682			Anti_TA	alt	Antidefense
AL505_Ev3	AL505_Ev3_00176	dam	3021	defense-finder-models/ADF/Anti_RM/dam	AL505_Ev3_dam_9	1	1	1.0	1.0	1	dam	mandatory	270	7e-94	313.5	0.993	0.985	4	269			Anti_RM	dam	Antidefense
AL505_Ev3	AL505_Ev3_00232	dmd	3077	defense-finder-models/ADF/Anti_TA/dmd	AL505_Ev3_dmd_10	1	1	1.0	1.0	1	dmd	mandatory	67	3.7e-31	106.1	0.955	0.91	3	63			Anti_TA	dmd	Antidefense
AL505_Ev3	AL505_Ev3_00235	acb1	3080	defense-finder-models/ADF/Anti_CBASS/acb1	AL505_Ev3_acb1_7	1	1	1.0	1.0	1	acb1	mandatory	154	8.9e-59	196.6	0.967	0.961	5	152			Anti_CBASS	acb1	Antidefense
AL505_Sd2	AL505_Sd2_00015	ocr	3119	defense-finder-models/ADF/Anti_RM/ocr	AL505_Sd2_ocr_125	1	1	1.0	1.0	1	ocr	mandatory	109	4.8999999999999995e-49	164.4	0.939	0.991	1	108			Anti_RM	ocr	Antidefense
AN17_P1	AN17_P1_00008	ocr	3166	defense-finder-models/ADF/Anti_RM/ocr	AN17_P1_ocr_126	1	1	1.0	1.0	1	ocr	mandatory	110	4.8e-52	174.1	0.939	0.982	1	108			Anti_RM	ocr	Antidefense
AN17_P8	AN17_P8_00074	narp1_adps	3284	defense-finder-models/ADF/NADP/NARP1	AN17_P8_NARP1_76	1	1	1.0	2.0	1	narp1_adps	mandatory	293	7.2e-83	277.3	0.895	0.983	3	290			NADP	NARP1	Antidefense
AN17_P8	AN17_P8_00076	narp1_namat	3286	defense-finder-models/ADF/NADP/NARP1	AN17_P8_NARP1_76	1	1	1.0	2.0	1	narp1_namat	mandatory	593	7.9e-211	700.2	0.987	0.987	8	592			NADP	NARP1	Antidefense
AN24_P4	AN24_P4_00008	ocr	3504	defense-finder-models/ADF/Anti_RM/ocr	AN24_P4_ocr_127	1	1	1.0	1.0	1	ocr	mandatory	110	2.1e-51	172.0	0.939	0.982	1	108			Anti_RM	ocr	Antidefense
BCH953_P2	BCH953_P2_00033	alt	3660	defense-finder-models/ADF/Anti_TA/alt	BCH953_P2_alt_14	1	1	1.0	1.0	2	alt	mandatory	685	6.4e-238	790.8	0.997	0.999	1	684			Anti_TA	alt	Antidefense
BCH953_P2	BCH953_P2_00034	alt	3661	defense-finder-models/ADF/Anti_TA/alt	BCH953_P2_alt_14	1	1	1.0	1.0	2	alt	mandatory	682	2.7e-259	861.5	0.999	0.999	1	681			Anti_TA	alt	Antidefense
BCH953_P2	BCH953_P2_00088	arn	3715	defense-finder-models/ADF/Anti_RM/arn	BCH953_P2_arn_15	1	1	1.0	1.0	1	arn	mandatory	92	4.6e-60	199.4	1.0	1.0	1	92			Anti_RM	arn	Antidefense
BCH953_P2	BCH953_P2_00138	dam	3765	defense-finder-models/ADF/Anti_RM/dam	BCH953_P2_dam_16	1	1	1.0	1.0	1	dam	mandatory	259	2.9e-108	360.6	0.985	0.996	2	259			Anti_RM	dam	Antidefense
BCH953_P2	BCH953_P2_00144	adfa	3771	defense-finder-models/ADF/Anti_DarTG/adfa	BCH953_P2_adfa_13	1	1	1.0	1.0	1	adfa	mandatory	210	7.099999999999999e-135	446.1	1.0	1.0	1	210			Anti_DarTG	adfa	Antidefense
BCH953_P2	BCH953_P2_00146	tifa	3773	defense-finder-models/ADF/Anti_TA/tifa	BCH953_P2_tifa_18	1	1	1.0	1.0	1	tifa	mandatory	85	4.8e-47	156.9	1.0	0.976	1	83			Anti_TA	tifa	Antidefense
BCH953_P2	BCH953_P2_00147	dmd	3774	defense-finder-models/ADF/Anti_TA/dmd	BCH953_P2_dmd_17	1	1	1.0	1.0	1	dmd	mandatory	60	2.3000000000000002e-33	113.2	0.939	1.0	1	60			Anti_TA	dmd	Antidefense
BCH953_P2	BCH953_P2_00222	acb2	3849	defense-finder-models/ADF/Anti_CBASS/acb2	BCH953_P2_acb2_12	1	1	1.0	1.0	1	acb2	mandatory	88	2.9e-12	46.1	0.916	0.943	4	86			Anti_CBASS	acb2	Antidefense
BCH953_P2	BCH953_P2_00253	acb1	3870	defense-finder-models/ADF/Anti_CBASS/acb1	BCH953_P2_acb1_11	1	1	1.0	1.0	1	acb1	mandatory	151	1.3000000000000001e-67	225.4	0.993	0.987	1	149			Anti_CBASS	acb1	Antidefense
BCH953_P4	BCH953_P4_00031	alt	4000	defense-finder-models/ADF/Anti_TA/alt	BCH953_P4_alt_21	1	1	1.0	1.0	2	alt	mandatory	685	2.7e-238	792.0	0.997	0.999	1	684			Anti_TA	alt	Antidefense
BCH953_P4	BCH953_P4_00032	alt	4001	defense-finder-models/ADF/Anti_TA/alt	BCH953_P4_alt_21	1	1	1.0	1.0	2	alt	mandatory	682	4.7e-260	864.0	0.999	0.999	1	681			Anti_TA	alt	Antidefense
BCH953_P4	BCH953_P4_00092	arn	4061	defense-finder-models/ADF/Anti_RM/arn	BCH953_P4_arn_22	1	1	1.0	1.0	1	arn	mandatory	92	4.6e-60	199.4	1.0	1.0	1	92			Anti_RM	arn	Antidefense
BCH953_P4	BCH953_P4_00138	dam	4107	defense-finder-models/ADF/Anti_RM/dam	BCH953_P4_dam_23	1	1	1.0	1.0	1	dam	mandatory	259	1.2e-107	358.6	0.985	0.996	2	259			Anti_RM	dam	Antidefense
BCH953_P4	BCH953_P4_00145	tifa	4114	defense-finder-models/ADF/Anti_TA/tifa	BCH953_P4_tifa_25	1	1	1.0	1.0	1	tifa	mandatory	85	4.8e-47	156.9	1.0	0.976	1	83			Anti_TA	tifa	Antidefense
BCH953_P4	BCH953_P4_00146	dmd	4115	defense-finder-models/ADF/Anti_TA/dmd	BCH953_P4_dmd_24	1	1	1.0	1.0	1	dmd	mandatory	60	2.7e-33	112.9	0.939	1.0	1	60			Anti_TA	dmd	Antidefense
BCH953_P4	BCH953_P4_00222	acb2	4191	defense-finder-models/ADF/Anti_CBASS/acb2	BCH953_P4_acb2_20	1	1	1.0	1.0	1	acb2	mandatory	88	2.9e-12	46.1	0.916	0.943	4	86			Anti_CBASS	acb2	Antidefense
BCH953_P4	BCH953_P4_00251	acb1	4212	defense-finder-models/ADF/Anti_CBASS/acb1	BCH953_P4_acb1_19	1	1	1.0	1.0	1	acb1	mandatory	151	1.3000000000000001e-67	225.4	0.993	0.987	1	149			Anti_CBASS	acb1	Antidefense
BCH953_P5	BCH953_P5_00031	alt	4263	defense-finder-models/ADF/Anti_TA/alt	BCH953_P5_alt_28	1	1	1.0	1.0	2	alt	mandatory	685	2.7e-238	792.0	0.997	0.999	1	684			Anti_TA	alt	Antidefense
BCH953_P5	BCH953_P5_00032	alt	4264	defense-finder-models/ADF/Anti_TA/alt	BCH953_P5_alt_28	1	1	1.0	1.0	2	alt	mandatory	682	4.7e-260	864.0	0.999	0.999	1	681			Anti_TA	alt	Antidefense
BCH953_P5	BCH953_P5_00092	arn	4324	defense-finder-models/ADF/Anti_RM/arn	BCH953_P5_arn_29	1	1	1.0	1.0	1	arn	mandatory	92	4.6e-60	199.4	1.0	1.0	1	92			Anti_RM	arn	Antidefense
BCH953_P5	BCH953_P5_00138	dam	4370	defense-finder-models/ADF/Anti_RM/dam	BCH953_P5_dam_30	1	1	1.0	1.0	1	dam	mandatory	259	1.2e-107	358.6	0.985	0.996	2	259			Anti_RM	dam	Antidefense
BCH953_P5	BCH953_P5_00145	tifa	4377	defense-finder-models/ADF/Anti_TA/tifa	BCH953_P5_tifa_32	1	1	1.0	1.0	1	tifa	mandatory	85	4.8e-47	156.9	1.0	0.976	1	83			Anti_TA	tifa	Antidefense
BCH953_P5	BCH953_P5_00146	dmd	4378	defense-finder-models/ADF/Anti_TA/dmd	BCH953_P5_dmd_31	1	1	1.0	1.0	1	dmd	mandatory	60	2.7e-33	112.9	0.939	1.0	1	60			Anti_TA	dmd	Antidefense
BCH953_P5	BCH953_P5_00222	acb2	4454	defense-finder-models/ADF/Anti_CBASS/acb2	BCH953_P5_acb2_27	1	1	1.0	1.0	1	acb2	mandatory	88	2.9e-12	46.1	0.916	0.943	4	86			Anti_CBASS	acb2	Antidefense
BCH953_P5	BCH953_P5_00251	acb1	4475	defense-finder-models/ADF/Anti_CBASS/acb1	BCH953_P5_acb1_26	1	1	1.0	1.0	1	acb1	mandatory	151	1.3000000000000001e-67	225.4	0.993	0.987	1	149			Anti_CBASS	acb1	Antidefense
BDX03_P1	BDX03_P1_00008	ocr	4503	defense-finder-models/ADF/Anti_RM/ocr	BDX03_P1_ocr_128	1	1	1.0	1.0	1	ocr	mandatory	115	2.1e-51	172.0	0.983	0.983	1	113			Anti_RM	ocr	Antidefense
BDX03_P2	BDX03_P2_00008	ocr	4554	defense-finder-models/ADF/Anti_RM/ocr	BDX03_P2_ocr_129	1	1	1.0	1.0	1	ocr	mandatory	115	2.1e-51	172.0	0.983	0.983	1	113			Anti_RM	ocr	Antidefense
DIJ06_P1	DIJ06_P1_00016	ocr	4713	defense-finder-models/ADF/Anti_RM/ocr	DIJ06_P1_ocr_130	1	1	1.0	1.0	1	ocr	mandatory	119	4.6e-52	174.1	0.991	0.958	1	114			Anti_RM	ocr	Antidefense
DIJ07_P1	DIJ07_P1_00080	atd1	4832	defense-finder-models/ADF/Anti_Thoeris/atd1	DIJ07_P1_atd1_142	1	1	1.0	1.0	1	atd1	mandatory	83	7e-39	131.0	0.931	0.976	2	82			Anti_Thoeris	atd1	Antidefense
DIJ07_P2	DIJ07_P2_00085	atd1	5091	defense-finder-models/ADF/Anti_Thoeris/atd1	DIJ07_P2_atd1_143	1	1	1.0	1.0	1	atd1	mandatory	83	4.9e-39	131.5	0.931	0.976	2	82			Anti_Thoeris	atd1	Antidefense
LF110_P1	LF110_P1_00070	narp1_adps	5324	defense-finder-models/ADF/NADP/NARP1	LF110_P1_NARP1_77	1	1	1.0	2.0	1	narp1_adps	mandatory	293	2.5e-85	285.4	0.848	0.928	17	288			NADP	NARP1	Antidefense
LF110_P1	LF110_P1_00071	narp1_namat	5325	defense-finder-models/ADF/NADP/NARP1	LF110_P1_NARP1_77	1	1	1.0	2.0	1	narp1_namat	mandatory	593	3.4000000000000004e-210	698.2	0.987	0.987	8	592			NADP	NARP1	Antidefense
LF110_P2	LF110_P2_00074	narp1_adps	5447	defense-finder-models/ADF/NADP/NARP1	LF110_P2_NARP1_78	1	1	1.0	2.0	1	narp1_adps	mandatory	293	7.7e-84	280.5	0.899	0.986	3	291			NADP	NARP1	Antidefense
LF110_P2	LF110_P2_00075	narp1_namat	5448	defense-finder-models/ADF/NADP/NARP1	LF110_P2_NARP1_78	1	1	1.0	2.0	1	narp1_namat	mandatory	593	2.3e-210	698.7	0.987	0.987	8	592			NADP	NARP1	Antidefense
LF110_P3	LF110_P3_00074	narp1_adps	5568	defense-finder-models/ADF/NADP/NARP1	LF110_P3_NARP1_79	1	1	1.0	2.0	1	narp1_adps	mandatory	293	7.7e-84	280.5	0.899	0.986	3	291			NADP	NARP1	Antidefense
LF110_P3	LF110_P3_00075	narp1_namat	5569	defense-finder-models/ADF/NADP/NARP1	LF110_P3_NARP1_79	1	1	1.0	2.0	1	narp1_namat	mandatory	593	2.3e-210	698.7	0.987	0.987	8	592			NADP	NARP1	Antidefense
LF110_P4	LF110_P4_00078	narp1_adps	5694	defense-finder-models/ADF/NADP/NARP1	LF110_P4_NARP1_80	1	1	1.0	2.0	1	narp1_adps	mandatory	293	2.3e-82	275.7	0.895	0.983	3	290			NADP	NARP1	Antidefense
LF110_P4	LF110_P4_00080	narp1_namat	5696	defense-finder-models/ADF/NADP/NARP1	LF110_P4_NARP1_80	1	1	1.0	2.0	1	narp1_namat	mandatory	593	3.5e-210	698.1	0.987	0.987	8	592			NADP	NARP1	Antidefense
LF31_P3	LF31_P3_00015	ocr	5851	defense-finder-models/ADF/Anti_RM/ocr	LF31_P3_ocr_131	1	1	1.0	1.0	1	ocr	mandatory	117	2.2e-52	175.2	1.0	0.983	1	115			Anti_RM	ocr	Antidefense
LF7074_P1	LF7074_P1_00029	rad	5973	defense-finder-models/ADF/Anti_Retron/rad	LF7074_P1_rad_108	1	1	1.0	1.0	1	rad	mandatory	171	2.2e-64	215.4	0.977	0.947	9	170			Anti_Retron	rad	Antidefense
LF7074_P2	LF7074_P2_00029	rad	6038	defense-finder-models/ADF/Anti_Retron/rad	LF7074_P2_rad_109	1	1	1.0	1.0	1	rad	mandatory	171	2.2e-64	215.4	0.977	0.947	9	170			Anti_Retron	rad	Antidefense
LF73_P1	LF73_P1_00031	alt	6173	defense-finder-models/ADF/Anti_TA/alt	LF73_P1_alt_35	1	1	1.0	1.0	2	alt	mandatory	685	8.9e-238	790.3	0.997	0.999	1	684			Anti_TA	alt	Antidefense
LF73_P1	LF73_P1_00032	alt	6174	defense-finder-models/ADF/Anti_TA/alt	LF73_P1_alt_35	1	1	1.0	1.0	2	alt	mandatory	695	9.3e-268	889.4	0.999	0.999	1	694			Anti_TA	alt	Antidefense
LF73_P1	LF73_P1_00090	arn	6232	defense-finder-models/ADF/Anti_RM/arn	LF73_P1_arn_36	1	1	1.0	1.0	1	arn	mandatory	92	9.3e-61	201.6	1.0	1.0	1	92			Anti_RM	arn	Antidefense
LF73_P1	LF73_P1_00145	tifa	6287	defense-finder-models/ADF/Anti_TA/tifa	LF73_P1_tifa_38	1	1	1.0	1.0	1	tifa	mandatory	85	4e-47	157.1	1.0	0.976	1	83			Anti_TA	tifa	Antidefense
LF73_P1	LF73_P1_00146	dmd	6288	defense-finder-models/ADF/Anti_TA/dmd	LF73_P1_dmd_37	1	1	1.0	1.0	1	dmd	mandatory	60	1.4000000000000001e-33	113.8	0.939	1.0	1	60			Anti_TA	dmd	Antidefense
LF73_P1	LF73_P1_00224	acb2	6366	defense-finder-models/ADF/Anti_CBASS/acb2	LF73_P1_acb2_34	1	1	1.0	1.0	1	acb2	mandatory	88	9.7e-13	47.6	0.916	0.943	4	86			Anti_CBASS	acb2	Antidefense
LF73_P1	LF73_P1_00256	acb1	6388	defense-finder-models/ADF/Anti_CBASS/acb1	LF73_P1_acb1_33	1	1	1.0	1.0	1	acb1	mandatory	152	1.3000000000000001e-67	225.3	0.993	0.98	2	150			Anti_CBASS	acb1	Antidefense
LF73_P3	LF73_P3_00032	alt	6440	defense-finder-models/ADF/Anti_TA/alt	LF73_P3_alt_42	1	1	1.0	1.0	2	alt	mandatory	685	2.5999999999999997e-237	788.8	0.997	0.999	1	684			Anti_TA	alt	Antidefense
LF73_P3	LF73_P3_00033	alt	6441	defense-finder-models/ADF/Anti_TA/alt	LF73_P3_alt_42	1	1	1.0	1.0	2	alt	mandatory	697	2.6e-267	888.0	0.999	0.999	1	696			Anti_TA	alt	Antidefense
LF73_P3	LF73_P3_00088	arn	6496	defense-finder-models/ADF/Anti_RM/arn	LF73_P3_arn_43	1	1	1.0	1.0	1	arn	mandatory	92	8.800000000000001e-60	198.5	1.0	1.0	1	92			Anti_RM	arn	Antidefense
LF73_P3	LF73_P3_00141	adfa	6549	defense-finder-models/ADF/Anti_DarTG/adfa	LF73_P3_adfa_41	1	1	1.0	1.0	1	adfa	mandatory	208	1.7e-132	438.3	1.0	1.0	1	208			Anti_DarTG	adfa	Antidefense
LF73_P3	LF73_P3_00143	tifa	6551	defense-finder-models/ADF/Anti_TA/tifa	LF73_P3_tifa_45	1	1	1.0	1.0	1	tifa	mandatory	85	1.5e-46	155.3	1.0	0.976	1	83			Anti_TA	tifa	Antidefense
LF73_P3	LF73_P3_00144	dmd	6552	defense-finder-models/ADF/Anti_TA/dmd	LF73_P3_dmd_44	1	1	1.0	1.0	1	dmd	mandatory	60	5.3000000000000004e-33	112.0	0.939	1.0	1	60			Anti_TA	dmd	Antidefense
LF73_P3	LF73_P3_00218	acb2	6626	defense-finder-models/ADF/Anti_CBASS/acb2	LF73_P3_acb2_40	1	1	1.0	1.0	1	acb2	mandatory	88	2.6e-12	46.3	0.916	0.943	4	86			Anti_CBASS	acb2	Antidefense
LF73_P3	LF73_P3_00252	acb1	6651	defense-finder-models/ADF/Anti_CBASS/acb1	LF73_P3_acb1_39	1	1	1.0	1.0	1	acb1	mandatory	151	1.3000000000000001e-67	225.4	0.993	0.987	1	149			Anti_CBASS	acb1	Antidefense
LF73_P4	LF73_P4_00032	alt	6703	defense-finder-models/ADF/Anti_TA/alt	LF73_P4_alt_47	1	1	1.0	1.0	1	alt	mandatory	683	2e-123	412.4	0.98	0.959	28	682			Anti_TA	alt	Antidefense
LF73_P4	LF73_P4_00099	dmd	6770	defense-finder-models/ADF/Anti_TA/dmd	LF73_P4_dmd_49	1	1	1.0	1.0	1	dmd	mandatory	67	3.7e-31	106.1	0.955	0.91	3	63			Anti_TA	dmd	Antidefense
LF73_P4	LF73_P4_00102	acb1	6773	defense-finder-models/ADF/Anti_CBASS/acb1	LF73_P4_acb1_46	1	1	1.0	1.0	1	acb1	mandatory	154	8.9e-59	196.6	0.967	0.961	5	152			Anti_CBASS	acb1	Antidefense
LF73_P4	LF73_P4_00150	dam	6821	defense-finder-models/ADF/Anti_RM/dam	LF73_P4_dam_48	1	1	1.0	1.0	1	dam	mandatory	270	5.9e-93	310.4	0.993	0.985	4	269			Anti_RM	dam	Antidefense
LF82_P1	LF82_P1_00073	narp1_adps	7001	defense-finder-models/ADF/NADP/NARP1	LF82_P1_NARP1_81	1	1	1.0	2.0	1	narp1_adps	mandatory	293	2.3e-82	275.7	0.895	0.983	3	290			NADP	NARP1	Antidefense
LF82_P1	LF82_P1_00074	narp1_namat	7002	defense-finder-models/ADF/NADP/NARP1	LF82_P1_NARP1_81	1	1	1.0	2.0	1	narp1_namat	mandatory	593	1.4e-210	699.4	0.987	0.987	8	592			NADP	NARP1	Antidefense
LF82_P2	LF82_P2_00075	narp1_adps	7124	defense-finder-models/ADF/NADP/NARP1	LF82_P2_NARP1_82	1	1	1.0	2.0	1	narp1_adps	mandatory	293	2.7999999999999997e-83	278.6	0.899	0.986	3	291			NADP	NARP1	Antidefense
LF82_P2	LF82_P2_00076	narp1_namat	7125	defense-finder-models/ADF/NADP/NARP1	LF82_P2_NARP1_82	1	1	1.0	2.0	1	narp1_namat	mandatory	593	1e-210	699.9	0.987	0.987	8	592			NADP	NARP1	Antidefense
LF82_P3	LF82_P3_00071	narp1_adps	7237	defense-finder-models/ADF/NADP/NARP1	LF82_P3_NARP1_83	1	1	1.0	2.0	1	narp1_adps	mandatory	293	2.3e-82	275.7	0.895	0.983	3	290			NADP	NARP1	Antidefense
LF82_P3	LF82_P3_00072	narp1_namat	7238	defense-finder-models/ADF/NADP/NARP1	LF82_P3_NARP1_83	1	1	1.0	2.0	1	narp1_namat	mandatory	593	2.4e-210	698.7	0.987	0.987	8	592			NADP	NARP1	Antidefense
LF82_P4	LF82_P4_00069	narp1_adps	7347	defense-finder-models/ADF/NADP/NARP1	LF82_P4_NARP1_84	1	1	1.0	2.0	1	narp1_adps	mandatory	300	4.5e-83	278.0	0.912	0.977	5	297			NADP	NARP1	Antidefense
LF82_P4	LF82_P4_00070	narp1_namat	7348	defense-finder-models/ADF/NADP/NARP1	LF82_P4_NARP1_84	1	1	1.0	2.0	1	narp1_namat	mandatory	593	1.4e-210	699.4	0.987	0.987	8	592			NADP	NARP1	Antidefense
LF82_P5_partial	LF82_P5_partial_00073	narp1_adps	7461	defense-finder-models/ADF/NADP/NARP1	LF82_P5_partial_NARP1_85	1	1	1.0	2.0	1	narp1_adps	mandatory	293	9.2e-83	276.9	0.899	0.986	3	291			NADP	NARP1	Antidefense
LF82_P5_partial	LF82_P5_partial_00074	narp1_namat	7462	defense-finder-models/ADF/NADP/NARP1	LF82_P5_partial_NARP1_85	1	1	1.0	2.0	1	narp1_namat	mandatory	593	1.4e-210	699.4	0.987	0.987	8	592			NADP	NARP1	Antidefense
LF82_P6	LF82_P6_00071	narp1_adps	7574	defense-finder-models/ADF/NADP/NARP1	LF82_P6_NARP1_86	1	1	1.0	2.0	1	narp1_adps	mandatory	293	9.2e-83	276.9	0.899	0.986	3	291			NADP	NARP1	Antidefense
LF82_P6	LF82_P6_00072	narp1_namat	7575	defense-finder-models/ADF/NADP/NARP1	LF82_P6_NARP1_86	1	1	1.0	2.0	1	narp1_namat	mandatory	593	1.4e-210	699.4	0.987	0.987	8	592			NADP	NARP1	Antidefense
LF82_P8	LF82_P8_00018	adfa	7634	defense-finder-models/ADF/Anti_DarTG/adfa	LF82_P8_adfa_52	1	1	1.0	1.0	1	adfa	mandatory	216	4.4000000000000005e-130	430.5	1.0	1.0	1	216			Anti_DarTG	adfa	Antidefense
LF82_P8	LF82_P8_00022	tifa	7638	defense-finder-models/ADF/Anti_TA/tifa	LF82_P8_tifa_56	1	1	1.0	1.0	1	tifa	mandatory	70	1.1e-33	114.0	0.864	1.0	1	70			Anti_TA	tifa	Antidefense
LF82_P8	LF82_P8_00023	dmd	7639	defense-finder-models/ADF/Anti_TA/dmd	LF82_P8_dmd_54	1	1	1.0	1.0	1	dmd	mandatory	63	7.100000000000001e-36	121.2	0.955	1.0	1	63			Anti_TA	dmd	Antidefense
LF82_P8	LF82_P8_00098	acb2	7714	defense-finder-models/ADF/Anti_CBASS/acb2	LF82_P8_acb2_51	1	1	1.0	1.0	1	acb2	mandatory	81	1.2e-08	34.5	0.916	0.926	5	79			Anti_CBASS	acb2	Antidefense
LF82_P8	LF82_P8_00134	ipi	7748	defense-finder-models/ADF/Anti_RM/ipi	LF82_P8_ipi_55	1	1	1.0	1.0	1	ipi	mandatory	95	5.4e-50	166.5	0.989	0.989	1	94			Anti_RM	ipi	Antidefense
LF82_P8	LF82_P8_00135	acb1	7749	defense-finder-models/ADF/Anti_CBASS/acb1	LF82_P8_acb1_50	1	1	1.0	1.0	1	acb1	mandatory	151	4.4e-67	223.6	0.993	0.987	1	149			Anti_CBASS	acb1	Antidefense
LF82_P8	LF82_P8_00188	alt	7802	defense-finder-models/ADF/Anti_TA/alt	LF82_P8_alt_53	1	1	1.0	1.0	1	alt	mandatory	695	2.9000000000000003e-272	904.3	1.0	0.999	1	694			Anti_TA	alt	Antidefense
LF82_P9	LF82_P9_00072	narp1_adps	7950	defense-finder-models/ADF/NADP/NARP1	LF82_P9_NARP1_87	1	1	1.0	2.0	1	narp1_adps	mandatory	293	8.1e-84	280.4	0.895	0.983	3	290			NADP	NARP1	Antidefense
LF82_P9	LF82_P9_00074	narp1_namat	7952	defense-finder-models/ADF/NADP/NARP1	LF82_P9_NARP1_87	1	1	1.0	2.0	1	narp1_namat	mandatory	593	8.9e-211	700.1	0.987	0.987	8	592			NADP	NARP1	Antidefense
LI10_P1	LI10_P1_00006	ocr	8001	defense-finder-models/ADF/Anti_RM/ocr	LI10_P1_ocr_132	1	1	1.0	1.0	1	ocr	mandatory	168	8.1e-50	166.9	0.983	0.673	1	113			Anti_RM	ocr	Antidefense
LI10_P2	LI10_P2_00006	ocr	8048	defense-finder-models/ADF/Anti_RM/ocr	LI10_P2_ocr_133	1	1	1.0	1.0	1	ocr	mandatory	168	8.1e-50	166.9	0.983	0.673	1	113			Anti_RM	ocr	Antidefense
LI10_P3	LI10_P3_00016	ocr	8105	defense-finder-models/ADF/Anti_RM/ocr	LI10_P3_ocr_134	1	1	1.0	1.0	1	ocr	mandatory	117	1.1e-52	176.2	0.991	0.974	1	114			Anti_RM	ocr	Antidefense
LI10_P4	LI10_P4_00015	ocr	8160	defense-finder-models/ADF/Anti_RM/ocr	LI10_P4_ocr_135	1	1	1.0	1.0	1	ocr	mandatory	117	2.8e-52	174.9	0.991	0.974	1	114			Anti_RM	ocr	Antidefense
LI10_P5	LI10_P5_00016	ocr	8216	defense-finder-models/ADF/Anti_RM/ocr	LI10_P5_ocr_136	1	1	1.0	1.0	1	ocr	mandatory	117	4e-52	174.4	0.991	0.974	1	114			Anti_RM	ocr	Antidefense
LI10_P6	LI10_P6_00016	ocr	8271	defense-finder-models/ADF/Anti_RM/ocr	LI10_P6_ocr_137	1	1	1.0	1.0	1	ocr	mandatory	117	9.3e-53	176.4	0.991	0.974	1	114			Anti_RM	ocr	Antidefense
LM07_P1	LM07_P1_00005	samase	8393	defense-finder-models/ADF/Anti_RM/samase	LM07_P1_samase_91	1	1	1.0	1.0	1	samase	mandatory	155	1.6000000000000001e-71	238.3	1.0	1.0	1	155			Anti_RM	samase	Antidefense
LM07_P1	LM07_P1_00026	gp4.5	8414	defense-finder-models/ADF/Anti_TA/gp4.5	LM07_P1_gp4.5_90	1	1	1.0	1.0	1	gp4.5	mandatory	103	2.3e-42	142.1	0.871	0.796	5	86			Anti_TA	gp4.5	Antidefense
LM33_P1	LM33_P1_00006	ocr	8586	defense-finder-models/ADF/Anti_RM/ocr	LM33_P1_ocr_138	1	1	1.0	1.0	1	ocr	mandatory	167	6.2e-48	160.8	0.983	0.677	1	113			Anti_RM	ocr	Antidefense
MT1B1_3A1	MT1B1_3A1_00006	ocr	8815	defense-finder-models/ADF/Anti_RM/ocr	MT1B1_3A1_ocr_139	1	1	1.0	1.0	1	ocr	mandatory	176	2.2e-50	168.8	0.991	0.648	1	114			Anti_RM	ocr	Antidefense
NAN33_P1	NAN33_P1_00005	samase	8861	defense-finder-models/ADF/Anti_RM/samase	NAN33_P1_samase_93	1	1	1.0	1.0	1	samase	mandatory	155	1.9e-70	234.7	1.0	1.0	1	155			Anti_RM	samase	Antidefense
NAN33_P1	NAN33_P1_00028	gp4.5	8884	defense-finder-models/ADF/Anti_TA/gp4.5	NAN33_P1_gp4.5_92	1	1	1.0	1.0	1	gp4.5	mandatory	103	2.1e-42	142.3	0.871	0.796	5	86			Anti_TA	gp4.5	Antidefense
NAN33_P2	NAN33_P2_00005	samase	8911	defense-finder-models/ADF/Anti_RM/samase	NAN33_P2_samase_95	1	1	1.0	1.0	1	samase	mandatory	155	1.9e-72	241.2	1.0	1.0	1	155			Anti_RM	samase	Antidefense
NAN33_P2	NAN33_P2_00026	gp4.5	8932	defense-finder-models/ADF/Anti_TA/gp4.5	NAN33_P2_gp4.5_94	1	1	1.0	1.0	1	gp4.5	mandatory	103	1.8e-42	142.5	0.871	0.796	5	86			Anti_TA	gp4.5	Antidefense
NAN33_P4	NAN33_P4_00005	samase	8959	defense-finder-models/ADF/Anti_RM/samase	NAN33_P4_samase_97	1	1	1.0	1.0	1	samase	mandatory	155	1.9e-72	241.2	1.0	1.0	1	155			Anti_RM	samase	Antidefense
NAN33_P4	NAN33_P4_00026	gp4.5	8980	defense-finder-models/ADF/Anti_TA/gp4.5	NAN33_P4_gp4.5_96	1	1	1.0	1.0	1	gp4.5	mandatory	103	1.8e-42	142.5	0.871	0.796	5	86			Anti_TA	gp4.5	Antidefense
NAN33_P5	NAN33_P5_00022	acriia7	9024	defense-finder-models/ADF/Anti_Thoeris/tad2_acriia7	NAN33_P5_tad2_acriia7_101	1	1	1.0	0.8	1	tad2	mandatory	162	5.0000000000000004e-29	99.6	0.694	0.506	81	162			Anti_Thoeris	tad2_acriia7	Antidefense
NAN33_P6	NAN33_P6_00005	samase	9101	defense-finder-models/ADF/Anti_RM/samase	NAN33_P6_samase_99	1	1	1.0	1.0	1	samase	mandatory	155	2.1e-72	241.1	1.0	1.0	1	155			Anti_RM	samase	Antidefense
NAN33_P6	NAN33_P6_00025	gp4.5	9121	defense-finder-models/ADF/Anti_TA/gp4.5	NAN33_P6_gp4.5_98	1	1	1.0	1.0	1	gp4.5	mandatory	103	4.3e-42	141.3	0.86	0.786	5	85			Anti_TA	gp4.5	Antidefense
NIC06_P2	NIC06_P2_00032	alt	9175	defense-finder-models/ADF/Anti_TA/alt	NIC06_P2_alt_59	1	1	1.0	1.0	1	alt	mandatory	687	8.4e-268	889.6	0.997	0.999	1	686			Anti_TA	alt	Antidefense
NIC06_P2	NIC06_P2_00088	arn	9231	defense-finder-models/ADF/Anti_RM/arn	NIC06_P2_arn_60	1	1	1.0	1.0	1	arn	mandatory	92	3.4999999999999996e-61	202.9	1.0	1.0	1	92			Anti_RM	arn	Antidefense
NIC06_P2	NIC06_P2_00141	tifa	9284	defense-finder-models/ADF/Anti_TA/tifa	NIC06_P2_tifa_62	1	1	1.0	1.0	1	tifa	mandatory	85	2.9e-46	154.3	1.0	0.976	1	83			Anti_TA	tifa	Antidefense
NIC06_P2	NIC06_P2_00142	dmd	9285	defense-finder-models/ADF/Anti_TA/dmd	NIC06_P2_dmd_61	1	1	1.0	1.0	1	dmd	mandatory	60	6.100000000000001e-32	108.6	0.939	1.0	1	60			Anti_TA	dmd	Antidefense
NIC06_P2	NIC06_P2_00220	acb2	9363	defense-finder-models/ADF/Anti_CBASS/acb2	NIC06_P2_acb2_58	1	1	1.0	1.0	1	acb2	mandatory	88	2.9e-12	46.1	0.916	0.943	4	86			Anti_CBASS	acb2	Antidefense
NIC06_P2	NIC06_P2_00251	acb1	9385	defense-finder-models/ADF/Anti_CBASS/acb1	NIC06_P2_acb1_57	1	1	1.0	1.0	1	acb1	mandatory	151	1.3000000000000001e-67	225.4	0.993	0.987	1	149			Anti_CBASS	acb1	Antidefense
NIC06_P3	NIC06_P3_00016	ocr	9421	defense-finder-models/ADF/Anti_RM/ocr	NIC06_P3_ocr_140	1	1	1.0	1.0	1	ocr	mandatory	117	1.3e-51	172.7	0.991	0.974	1	114			Anti_RM	ocr	Antidefense
NRG_11A2	NRG_11A2_00075	narp1_adps	9536	defense-finder-models/ADF/NADP/NARP1	NRG_11A2_NARP1_88	1	1	1.0	2.0	1	narp1_adps	mandatory	293	7e-82	274.1	0.895	0.983	3	290			NADP	NARP1	Antidefense
NRG_11A2	NRG_11A2_00076	narp1_namat	9537	defense-finder-models/ADF/NADP/NARP1	NRG_11A2_NARP1_88	1	1	1.0	2.0	1	narp1_namat	mandatory	593	2e-210	698.9	0.987	0.987	8	592			NADP	NARP1	Antidefense
NRG_11B1	NRG_11B1_00075	narp1_adps	9651	defense-finder-models/ADF/NADP/NARP1	NRG_11B1_NARP1_89	1	1	1.0	2.0	1	narp1_adps	mandatory	293	7e-82	274.1	0.895	0.983	3	290			NADP	NARP1	Antidefense
NRG_11B1	NRG_11B1_00076	narp1_namat	9652	defense-finder-models/ADF/NADP/NARP1	NRG_11B1_NARP1_89	1	1	1.0	2.0	1	narp1_namat	mandatory	593	2e-210	698.9	0.987	0.987	8	592			NADP	NARP1	Antidefense
T4DL	T4DL_00035	alt	9808	defense-finder-models/ADF/Anti_TA/alt	T4DL_alt_66	1	1	1.0	1.0	1	alt	mandatory	682	6.4000000000000006e-260	863.5	0.999	0.999	1	681			Anti_TA	alt	Antidefense
T4DL	T4DL_00091	arn	9864	defense-finder-models/ADF/Anti_RM/arn	T4DL_arn_67	1	1	1.0	1.0	1	arn	mandatory	92	2.5e-61	203.4	1.0	1.0	1	92			Anti_RM	arn	Antidefense
T4DL	T4DL_00137	dam	9910	defense-finder-models/ADF/Anti_RM/dam	T4DL_dam_68	1	1	1.0	1.0	1	dam	mandatory	259	9.8e-108	358.9	0.985	0.996	2	259			Anti_RM	dam	Antidefense
T4DL	T4DL_00141	adfa	9914	defense-finder-models/ADF/Anti_DarTG/adfa	T4DL_adfa_65	1	1	1.0	1.0	1	adfa	mandatory	208	2.2e-132	438.0	1.0	1.0	1	208			Anti_DarTG	adfa	Antidefense
T4DL	T4DL_00143	tifa	9916	defense-finder-models/ADF/Anti_TA/tifa	T4DL_tifa_72	1	1	1.0	1.0	1	tifa	mandatory	85	4.399999999999999e-47	157.0	1.0	0.976	1	83			Anti_TA	tifa	Antidefense
T4DL	T4DL_00144	dmd	9917	defense-finder-models/ADF/Anti_TA/dmd	T4DL_dmd_69	1	1	1.0	1.0	1	dmd	mandatory	60	2.3000000000000002e-33	113.2	0.939	1.0	1	60			Anti_TA	dmd	Antidefense
T4DL	T4DL_00217	acb2	9990	defense-finder-models/ADF/Anti_CBASS/acb2	T4DL_acb2_64	1	1	1.0	1.0	1	acb2	mandatory	88	1.7e-12	46.8	0.916	0.943	4	86			Anti_CBASS	acb2	Antidefense
T4DL	T4DL_00223	ipii	9996	defense-finder-models/ADF/Anti_RM/ipii	T4DL_ipii_71	1	1	1.0	1.0	1	ipii	mandatory	100	1.1e-54	181.9	1.0	0.98	1	98			Anti_RM	ipii	Antidefense
T4DL	T4DL_00246	ipi	10011	defense-finder-models/ADF/Anti_RM/ipi	T4DL_ipi_70	1	1	1.0	1.0	1	ipi	mandatory	95	1.1e-51	171.9	1.0	1.0	1	95			Anti_RM	ipi	Antidefense
T4DL	T4DL_00247	acb1	10012	defense-finder-models/ADF/Anti_CBASS/acb1	T4DL_acb1_63	1	1	1.0	1.0	1	acb1	mandatory	152	1.3000000000000001e-67	225.3	0.993	0.98	2	150			Anti_CBASS	acb1	Antidefense
T7_Portugal	T7_Portugal_00005	ocr	10038	defense-finder-models/ADF/Anti_RM/ocr	T7_Portugal_ocr_107	1	1	1.0	1.0	1	ocr	mandatory	117	7.4999999999999994e-62	205.7	0.991	0.974	1	114			Anti_RM	ocr	Antidefense
T7_Portugal	T7_Portugal_00027	gp4.5	10060	defense-finder-models/ADF/Anti_TA/gp4.5	T7_Portugal_gp4.5_105	1	1	1.0	1.0	1	gp4.5	mandatory	89	9e-46	153.1	0.946	0.989	1	88			Anti_TA	gp4.5	Antidefense
T7_Portugal	T7_Portugal_00033	gp5.9	10066	defense-finder-models/ADF/Anti_RecBCD/gp5.9	T7_Portugal_gp5.9_106	1	1	1.0	1.0	1	gp5.9	mandatory	52	2.6e-36	122.7	1.0	1.0	1	52			Anti_RecBCD	gp5.9	Antidefense
